{"stats":{"minecraft:custom":{"minecraft:time_since_rest":1373,"minecraft:crouch_one_cm":43,"minecraft:play_time":9898,"minecraft:sprint_one_cm":46495,"minecraft:deaths":7,"minecraft:damage_taken":2195,"minecraft:walk_one_cm":36207,"minecraft:sneak_time":20,"minecraft:walk_under_water_one_cm":2323,"minecraft:mob_kills":3,"minecraft:damage_dealt_resisted":364,"minecraft:jump":132,"minecraft:damage_dealt":6,"minecraft:leave_game":1,"minecraft:time_since_death":1345,"minecraft:walk_on_water_one_cm":5463,"minecraft:total_world_time":9898,"minecraft:swim_one_cm":1230,"minecraft:fly_one_cm":32465,"minecraft:fall_one_cm":3840},"minecraft:mined":{"minecraft:large_fern":2,"minecraft:grass_block":1,"minecraft:fern":1},"minecraft:killed_by":{"jujutsucraft:cursed_spirit_grade_39":1,"minecraft:player":1,"jujutsucraft:cursed_spirit_grade_22":4,"jujutsucraft:jujutsu_sorcerer":1},"minecraft:picked_up":{"minecraft:dirt":1},"minecraft:used":{"jujutsucraft:sword_okkotsu_yuta":3,"minecraft:dirt":1},"minecraft:killed":{"jujutsucraft:cursed_spirit_grade_39":2,"jujutsucraft:cursed_spirit_grade_34":1}},"DataVersion":3465}