{"stats":{"minecraft:mined":{"minecraft:grass_block":3,"minecraft:spruce_leaves":1,"minecraft:fern":1},"minecraft:used":{"minecraft:dirt":3,"minecraft:apple":1,"minecraft:carrot":1},"minecraft:dropped":{"minecraft:dirt":1,"minecraft:apple":1},"minecraft:custom":{"minecraft:time_since_rest":13479,"minecraft:sprint_one_cm":16692,"minecraft:play_time":13479,"minecraft:damage_taken":67,"minecraft:walk_one_cm":21359,"minecraft:walk_under_water_one_cm":824,"minecraft:drop":2,"minecraft:jump":125,"minecraft:damage_dealt":10,"minecraft:leave_game":2,"minecraft:walk_on_water_one_cm":463,"minecraft:time_since_death":13479,"minecraft:total_world_time":13479,"minecraft:fall_one_cm":3674,"minecraft:fly_one_cm":14732},"minecraft:picked_up":{"minecraft:apple":1,"minecraft:dirt":4}},"DataVersion":3465}