{"stats":{"minecraft:dropped":{"jujutsucraft:uniform_normal_leggings":1,"minecraft:apple":1,"jujutsucraft:uniform_normal_chestplate":1,"minecraft:dirt":1,"minecraft:leather_chestplate":1,"minecraft:beef":2,"minecraft:stone_pickaxe":1,"jujutsucraft:uniform_normal_boots":1,"jujutsucraft:uniform_gojo_chestplate":1,"minecraft:pink_tulip":3},"minecraft:custom":{"minecraft:mob_kills":30,"minecraft:interact_with_crafting_table":9,"minecraft:damage_dealt_resisted":2013,"minecraft:leave_game":5,"minecraft:time_since_death":6169,"minecraft:sleep_in_bed":3,"minecraft:damage_resisted":1523,"minecraft:time_since_rest":6238,"minecraft:sprint_one_cm":400841,"minecraft:damage_taken":9329,"minecraft:walk_one_cm":351487,"minecraft:drop":13,"minecraft:damage_dealt":1955,"minecraft:swim_one_cm":47949,"minecraft:talked_to_villager":2,"minecraft:fly_one_cm":1366039,"minecraft:open_chest":8,"minecraft:crouch_one_cm":1581,"minecraft:play_time":134972,"minecraft:deaths":17,"minecraft:sneak_time":1010,"minecraft:walk_under_water_one_cm":14160,"minecraft:jump":2618,"minecraft:interact_with_blast_furnace":13,"minecraft:walk_on_water_one_cm":22230,"minecraft:total_world_time":134972,"minecraft:fall_one_cm":65206},"minecraft:crafted":{"minecraft:crafting_table":2,"minecraft:spruce_planks":28,"minecraft:wooden_pickaxe":1,"minecraft:birch_planks":20,"minecraft:air":0,"minecraft:iron_chestplate":1,"minecraft:stick":8,"minecraft:iron_ingot":9,"minecraft:stone_pickaxe":2,"minecraft:chest":2,"minecraft:torch":16},"minecraft:broken":{"minecraft:wooden_pickaxe":1},"minecraft:mined":{"minecraft:flowering_azalea":1,"minecraft:crafting_table":4,"minecraft:blast_furnace":3,"minecraft:grass_block":14,"minecraft:spruce_leaves":8,"minecraft:oak_planks":2,"minecraft:diorite":16,"minecraft:blue_bed":5,"minecraft:wall_torch":6,"minecraft:birch_log":5,"minecraft:iron_ore":9,"minecraft:sweet_berry_bush":2,"minecraft:spruce_log":7,"minecraft:potted_poppy":1,"minecraft:grass":8,"minecraft:coal_ore":14,"minecraft:dirt":30,"minecraft:packed_ice":168,"minecraft:stone":101,"minecraft:fern":3},"minecraft:killed_by":{"jujutsucraft:okkotsu_yuta_culling_game":1,"jujutsucraft:jogo":1,"jujutsucraft:higuruma_hiromi":1,"jujutsucraft:cursed_spirit_grade_33":1,"jujutsucraft:cursed_spirit_grade_03":1,"jujutsucraft:cursed_spirit_grade_22":1,"jujutsucraft:curse_user_1":1,"jujutsucraft:sukuna":1,"jujutsucraft:cursed_spirit_grade_317":1,"jujutsucraft:cursed_spirit_grade_314":1,"jujutsucraft:eight_handled_swrod_divergent_sila_divine_general_mahoraga":5,"jujutsucraft:dagon_2":1},"minecraft:picked_up":{"minecraft:birch_log":5,"minecraft:spruce_leaves":1,"minecraft:crafting_table":4,"minecraft:splash_potion":1,"minecraft:flower_pot":1,"jujutsucraft:g_staff":1,"minecraft:dirt":45,"minecraft:blue_bed":5,"minecraft:snow":1,"minecraft:apple":1,"minecraft:beef":2,"minecraft:azalea":1,"minecraft:poppy":1,"minecraft:oak_planks":2,"minecraft:egg":2,"minecraft:stick":2,"minecraft:raw_iron":9,"minecraft:torch":6,"jujutsucraft:sword_okkotsu_yuta":1,"minecraft:blast_furnace":3,"minecraft:diorite":16,"minecraft:spruce_log":7,"minecraft:pink_tulip":3,"minecraft:coal":14,"minecraft:cobblestone":101},"minecraft:used":{"minecraft:azalea":1,"minecraft:stone_pickaxe":121,"minecraft:oak_planks":2,"minecraft:wooden_pickaxe":59,"minecraft:chest":2,"minecraft:leather_chestplate":1,"minecraft:blue_bed":5,"minecraft:iron_chestplate":1,"minecraft:spruce_leaves":1,"minecraft:torch":12,"minecraft:dirt":23,"minecraft:crafting_table":5,"minecraft:red_bed":1,"minecraft:blast_furnace":2,"minecraft:carrot":1,"minecraft:flower_pot":1,"minecraft:apple":1,"minecraft:cobblestone":11,"minecraft:egg":2},"minecraft:killed":{"jujutsucraft:cursed_spirit_grade_33":8,"jujutsucraft:cursed_spirit_grade_37":1,"jujutsucraft:curse_user_1":1,"jujutsucraft:cursed_spirit_grade_39":5,"jujutsucraft:cursed_spirit_grade_312":1,"jujutsucraft:cursed_spirit_grade_314":4,"jujutsucraft:crow":1,"jujutsucraft:cursed_spirit_grade_317":1,"jujutsucraft:cursed_spirit_grade_315":2,"jujutsucraft:cursed_spirit_grade_38":1,"jujutsucraft:cursed_spirit_grade_34":3,"minecraft:villager":1}},"DataVersion":3465}