{"stats":{"minecraft:mined":{"minecraft:grass_block":8,"minecraft:spruce_leaves":4,"minecraft:dirt":1},"minecraft:used":{"minecraft:dirt":9},"minecraft:custom":{"minecraft:jump":133,"minecraft:time_since_rest":16254,"minecraft:damage_dealt":25,"minecraft:damage_taken":3,"minecraft:leave_game":4,"minecraft:play_time":16254,"minecraft:crouch_one_cm":762,"minecraft:sprint_one_cm":18740,"minecraft:time_since_death":16254,"minecraft:walk_on_water_one_cm":458,"minecraft:walk_one_cm":24360,"minecraft:sneak_time":193,"minecraft:total_world_time":16254,"minecraft:walk_under_water_one_cm":65,"minecraft:fall_one_cm":2206,"minecraft:fly_one_cm":21018},"minecraft:picked_up":{"minecraft:dirt":9}},"DataVersion":3465}