{"stats":{"minecraft:dropped":{"minecraft:porkchop":2,"minecraft:splash_potion":1},"minecraft:custom":{"minecraft:time_since_rest":1222,"minecraft:sprint_one_cm":416364,"minecraft:damage_taken":6233,"minecraft:walk_one_cm":231464,"minecraft:trigger_trapped_chest":1,"minecraft:mob_kills":35,"minecraft:drop":3,"minecraft:damage_dealt":143,"minecraft:swim_one_cm":10614,"minecraft:fly_one_cm":417021,"minecraft:player_kills":1,"minecraft:open_barrel":17,"minecraft:crouch_one_cm":2212,"minecraft:play_time":84423,"minecraft:deaths":15,"minecraft:sneak_time":1455,"minecraft:walk_under_water_one_cm":6365,"minecraft:jump":1332,"minecraft:damage_dealt_resisted":2759,"minecraft:leave_game":6,"minecraft:time_since_death":1197,"minecraft:walk_on_water_one_cm":23608,"minecraft:total_world_time":84423,"minecraft:damage_resisted":1239,"minecraft:fall_one_cm":27808},"minecraft:crafted":{"minecraft:spruce_planks":36},"minecraft:mined":{"minecraft:spruce_log":9,"minecraft:grass":1,"minecraft:grass_block":14,"minecraft:oak_log":10,"minecraft:gravel":6,"minecraft:dirt":10,"minecraft:azalea":2,"minecraft:spruce_leaves":7,"minecraft:oak_leaves":7,"minecraft:fern":4},"minecraft:killed_by":{"jujutsucraft:max_elephant":1,"jujutsucraft:awasaka_jiro":1,"jujutsucraft:cursed_spirit_grade_14":1,"jujutsucraft:cursed_spirit_grade_17":1,"jujutsucraft:uraume":1,"jujutsucraft:higuruma_hiromi":1,"jujutsucraft:cursed_spirit_grade_34":1,"jujutsucraft:dagon_2":1,"jujutsucraft:cursed_spirit_grade_22":3,"jujutsucraft:cursed_spirit_grade_26":1,"jujutsucraft:cursed_spirit_grade_28":1,"jujutsucraft:jujutsu_sorcerer":2},"minecraft:picked_up":{"minecraft:splash_potion":6,"minecraft:sweet_berries":5,"minecraft:gravel":6,"minecraft:porkchop":13,"minecraft:oak_log":10,"minecraft:spruce_log":9,"minecraft:dirt":21,"minecraft:large_fern":1,"minecraft:item_frame":2,"minecraft:white_candle":2,"minecraft:bone":15,"minecraft:painting":2,"minecraft:oak_sapling":1,"minecraft:flowering_azalea":1},"minecraft:used":{"minecraft:oak_log":2,"minecraft:gravel":6,"minecraft:dirt":18},"minecraft:killed":{"jujutsucraft:transfigured_human_3":1,"jujutsucraft:cursed_spirit_grade_39":2,"jujutsucraft:cursed_spirit_grade_33":5,"jujutsucraft:cursed_spirit_grade_314":3,"minecraft:pig":5,"jujutsucraft:crow":3,"jujutsucraft:cursed_spirit_grade_36":2,"jujutsucraft:cursed_spirit_grade_37":1,"jujutsucraft:cursed_spirit_grade_317":1,"jujutsucraft:cursed_spirit_grade_318":3,"jujutsucraft:cursed_spirit_grade_315":3,"jujutsucraft:cursed_spirit_grade_316":1,"jujutsucraft:cursed_spirit_grade_34":3,"jujutsucraft:curse_user":2}},"DataVersion":3465}